"q1";"q3";"q2";"pval";"Term";"Response"
"1";0.350018122865881;0.579980789418987;0.465992271087276;0;"Cover";"Resid.mod"
"2";-0.553021422479794;-0.322365591447504;-0.439244956689421;0;"Moran.I";"Resid.mod"
"3";0.0451479810865419;0.300639169761832;0.177285199294443;0.003;"Aridity";"Moran.I"
"4";0.0201511470126199;0.293538738403094;0.151598339209905;0.01;"MF";"Moran.I"
"5";-0.355500090579389;-0.101645798568229;-0.22960035863905;0;"Aridity";"Cover"
"6";0.177253970762242;0.419733748587213;0.303108567919241;0;"MF";"Cover"
"7";-0.595350216417762;-0.211809075846929;-0.439355671906081;0;"Aridity";"MF"
