"q1";"q3";"q2";"pval";"Term";"Response"
"1";-0.00175148040715103;0.222368162375182;0.11180129118736;0.027;"Aridity";"Moran.I"
"2";0.0201511470126199;0.293538738403094;0.151598339209905;0.01;"MF";"Moran.I"
"3";-0.459609710011039;-0.257187945728885;-0.354957908558257;0;"Aridity";"Cover"
"4";0.177253970762242;0.419733748587213;0.303108567919241;0;"MF";"Cover"
"5";-0.281015212560232;-0.14665171351769;-0.214630457878613;0;"Aridity";"Distance"
"6";0.350018122865881;0.579980789418987;0.465992271087276;0;"Cover";"Distance"
"7";-0.553021422479794;-0.322365591447504;-0.439244956689421;0;"Moran.I";"Distance"
"8";-0.0114316642115001;0.159933385402942;0.0735532096223327;0.053;"MF";"Distance"
